{"stats":{"minecraft:killed":{"minecraft:zombie":2,"minecraft:zombie_villager":1,"minecraft:chicken":2},"minecraft:used":{"minecraft:wooden_axe":18,"minecraft:wooden_pickaxe":9,"minecraft:wooden_shovel":12,"minecraft:dirt":1,"minecraft:crafting_table":2,"minecraft:oak_sapling":4},"minecraft:picked_up":{"minecraft:stick":3,"minecraft:crafting_table":1,"minecraft:feather":2,"minecraft:chicken":2,"minecraft:dandelion":1,"minecraft:oak_log":8,"minecraft:dirt":12,"minecraft:rotten_flesh":4,"minecraft:wheat_seeds":1,"minecraft:oak_sapling":4,"minecraft:cobblestone":9},"minecraft:custom":{"minecraft:time_since_rest":6449,"minecraft:sprint_one_cm":3695,"minecraft:damage_taken":160,"minecraft:walk_one_cm":29416,"minecraft:mob_kills":5,"minecraft:damage_dealt":670,"minecraft:interact_with_crafting_table":3,"minecraft:fly_one_cm":9160,"minecraft:crouch_one_cm":876,"minecraft:play_time":6449,"minecraft:sneak_time":411,"minecraft:jump":77,"minecraft:leave_game":1,"minecraft:time_since_death":6449,"minecraft:total_world_time":6449,"minecraft:fall_one_cm":627},"minecraft:mined":{"minecraft:oak_sapling":1,"minecraft:dandelion":1,"minecraft:crafting_table":1,"minecraft:short_grass":13,"minecraft:grass_block":3,"minecraft:oak_log":8,"minecraft:dirt":9,"minecraft:stone":9},"minecraft:crafted":{"minecraft:oak_planks":32,"minecraft:wooden_shovel":1,"minecraft:crafting_table":1,"minecraft:stick":8,"minecraft:wooden_pickaxe":1,"minecraft:wooden_axe":1}},"DataVersion":3953}